N,f_distinct,D_distinct,D_repetitions_allowed,missing_from_one_extremal_set
2,1,1,1,"1"
3,2,1,1,"1"
4,3,1,2,"1"
5,4,1,2,"1"
6,4,2,3,"1 2"
7,5,2,3,"1 2"
8,6,2,4,"1 2"
9,6,3,4,"1 3 4"
10,7,3,5,"1 2 3"
11,8,3,5,"1 2 3"
12,8,4,5,"1 2 4 5"
13,9,4,5,"1 2 4 5"
14,9,5,5,"1 2 3 5 6"
15,10,5,6,"1 2 3 4 5"
16,10,6,7,"1 2 3 4 6 7"
17,11,6,7,"1 2 3 4 6 7"
18,11,7,8,"1 4 5 6 7 9 16"
19,12,7,8,"1 4 5 6 7 9 16"
20,13,7,8,"1 2 3 4 5 8 10"
21,13,8,9,"1 4 5 6 7 9 16 20"
22,13,9,9,"1 2 3 4 5 6 7 8 21"
23,14,9,9,"1 2 3 4 5 6 7 8 21"
24,15,9,9,"1 2 3 4 5 6 8 9 11"
25,15,10,10,"1 2 3 4 6 7 9 10 15 20"
26,16,10,10,"1 2 4 8 9 15 16 18 21 25"
27,16,11,11,"1 2 3 4 5 6 7 9 11 15 20"
28,17,11,11,"1 2 4 8 9 15 16 18 21 25 27"
29,18,11,11,"1 2 4 8 9 15 16 18 21 25 27"
30,18,12,12,"1 2 3 4 5 6 7 8 9 10 11 12"
31,19,12,12,"1 2 3 4 5 6 7 8 9 10 11 12"
32,19,13,13,"1 2 3 4 5 6 7 8 9 10 12 15 16"
33,20,13,14,"1 2 3 4 5 6 7 8 9 10 11 12 13"
34,20,14,14,"1 2 3 4 5 6 7 8 9 10 11 12 13 17"
35,20,15,15,"1 2 3 4 5 6 7 8 9 10 13 14 15 17 32"
36,20,16,16,"1 2 3 4 5 6 8 10 12 16 20 24 27 32 33 35"
37,21,16,16,"1 2 3 4 5 6 7 8 9 10 12 13 14 15 17 21"
38,22,16,16,"1 2 3 4 5 6 8 10 12 16 20 21 27 32 33 35"
39,23,16,16,"1 2 3 4 6 8 9 12 16 18 24 25 27 32 35 36"
40,24,16,16,"1 2 3 4 6 8 9 12 16 18 24 25 27 32 35 36"
41,25,16,16,"1 2 3 4 6 8 9 12 16 18 24 25 27 32 35 36"
42,26,16,16,"1 2 3 4 6 8 9 12 16 18 24 25 27 32 35 36"
43,27,16,16,"1 2 3 4 6 8 9 12 16 18 24 25 27 32 35 36"
44,28,16,16,"1 2 3 4 6 8 9 12 16 18 24 25 27 32 35 36"
45,29,16,16,"1 2 3 4 6 8 9 12 16 18 24 25 27 32 35 36"
46,30,16,16,"1 2 3 4 6 8 9 12 16 18 24 25 27 32 35 36"
47,31,16,16,"1 2 3 4 6 8 9 12 16 18 24 25 27 32 35 36"
48,31,17,17,"1 2 3 4 6 8 9 12 16 18 24 25 27 32 35 36 48"
49,31,18,18,"1 2 3 4 6 8 9 12 16 18 24 25 27 32 35 36 48 49"
50,31,19,19,"1 2 3 4 6 8 9 12 16 18 24 25 27 32 35 36 48 49 50"
51,32,19,19,"1 2 3 4 6 8 9 12 16 18 24 25 27 32 35 36 48 49 50"
52,33,19,19,"1 2 3 4 6 8 9 12 16 18 24 25 27 32 35 36 48 49 50"
53,34,19,19,"1 2 3 4 6 8 9 12 16 18 24 25 27 32 35 36 48 49 50"
54,34,20,20,"1 2 3 4 6 8 9 12 16 18 24 25 27 32 35 36 48 49 50 54"
55,34,21,21,"1 2 3 4 6 8 9 12 16 18 24 25 27 32 35 36 48 49 50 54 55"
56,35,21,21,"1 2 3 4 6 8 9 12 16 18 24 25 27 32 35 36 48 49 50 54 55"
57,36,21,21,"1 2 3 4 6 8 9 12 16 18 24 25 27 32 35 36 48 49 50 54 55"
58,37,21,21,"1 2 3 4 6 8 9 12 16 18 24 25 27 32 35 36 48 49 50 54 55"
59,38,21,21,"1 2 3 4 6 8 9 12 16 18 24 25 27 32 35 36 48 49 50 54 55"
60,39,21,21,"1 2 3 4 6 8 9 12 16 18 24 25 27 32 35 36 48 49 50 54 55"
